{"stat.useItem.minecraft.string":1,"stat.chestOpened":4,"stat.cakeSlicesEaten":2,"stat.craftItem.minecraft.mushroom_stew":21,"stat.pickup.minecraft.bone":3,"stat.useItem.minecraft.mushroom_stew":19,"stat.pickup.weeping-angels.kontron_ingot":8,"stat.pickup.minecraft.gravel":5,"stat.leaveGame":1,"stat.drop.minecraft.stone_shovel":1,"stat.useItem.betteranimalsplus.turkey_leg_cooked":1,"stat.pickup.minecraft.flint":1,"stat.mineBlock.pvj.flouropore":3,"stat.mineBlock.minecraft.brown_mushroom":50,"stat.drop.minecraft.iron_nugget":6,"stat.drop.travelersbackpack.sleeping_bag_bottom":1,"stat.mineBlock.minecraft.sandstone":4,"stat.drop.minecraft.shield":1,"stat.mineBlock.pvj.granite_rocks":1,"stat.mineBlock.pvj.short_grass":1,"stat.mineBlock.charm.crate_sealed":1,"stat.craftItem.minecraft.iron_nugget":6,"stat.jump":1605,"stat.swimOneCm":33152,"stat.pickup.minecraft.coal":47,"stat.fallOneCm":36041,"stat.climbOneCm":2066,"stat.useItem.minecraft.planks":1,"stat.pickup.minecraft.iron_ingot":1,"stat.drop.minecraft.dye":1,"stat.mineBlock.pvj.deathcap":1,"stat.pickup.minecraft.porkchop":3,"stat.crouchOneCm":8843,"stat.drop.minecraft.brown_mushroom":1,"stat.craftItem.minecraft.torch":36,"stat.craftItem.minecraft.iron_ingot":1,"stat.pickup.minecraft.dirt":13,"stat.useItem.minecraft.dirt":10,"stat.drop.minecraft.mushroom_stew":1,"stat.pickup.travelersbackpack.sleeping_bag_bottom":3,"stat.pickup.minecraft.red_mushroom":4,"stat.pickup.betteranimalsplus.wolf_pelt_red":1,"stat.useItem.minecraft.stone_slab2":21,"stat.mineBlock.minecraft.red_mushroom":4,"stat.craftingTableInteraction":24,"stat.pickup.minecraft.iron_ore":37,"stat.pickup.minecraft.rotten_flesh":9,"stat.craftItem.betteranimalsplus.turkey_cooked":1,"stat.pickup.minecraft.sand":4,"stat.craftItem.minecraft.furnace":1,"stat.pickup.minecraft.stone_shovel":1,"stat.killEntity.Damcell":1,"stat.mineBlock.minecraft.lapis_ore":8,"stat.pickup.minecraft.feather":3,"stat.damageTaken":2315,"stat.pickup.pvj.siltstone":5,"stat.mineBlock.pvj.diorite_rocks":1,"stat.craftItem.minecraft.stone_pickaxe":2,"stat.mineBlock.minecraft.furnace":3,"stat.mineBlock.minecraft.torch":6,"stat.craftItem.minecraft.cooked_beef":1,"stat.useItem.minecraft.wooden_pickaxe":19,"stat.drop.minecraft.rabbit":1,"stat.pickup.betteranimalsplus.turkey_raw":1,"stat.pickup.minecraft.cobblestone":61,"stat.pickup.srparasites.assimilated_flesh":1,"stat.pickup.quark.biome_cobblestone":64,"stat.pickup.minecraft.dye":50,"stat.pickup.betteranimalsplus.turkey_leg_raw":1,"stat.craftItem.minecraft.stone_sword":1,"stat.flyOneCm":136849,"stat.useItem.minecraft.brown_mushroom":1,"stat.pickup.minecraft.sandstone":4,"stat.pickup.minecraft.brown_mushroom":46,"stat.pickup.minecraft.wheat_seeds":4,"stat.mineBlock.minecraft.sand":3,"stat.drop.minecraft.wheat_seeds":2,"stat.mineBlock.minecraft.gravel":6,"stat.useItem.minecraft.stone_pickaxe":187,"stat.useItem.minecraft.cooked_beef":1,"stat.useItem.minecraft.stone_sword":82,"stat.pickup.quark.tallow":4,"stat.damageDealt":4510,"stat.pickup.minecraft.redstone":23,"stat.mineBlock.pvj.pinecones":4,"stat.mineBlock.minecraft.iron_ore":14,"stat.craftItem.minecraft.bowl":8,"stat.sleepInBed":4,"stat.timeSinceDeath":37204,"stat.mineBlock.pvj.siltstone":5,"stat.mineBlock.minecraft.dirt":10,"stat.useItem.minecraft.iron_pickaxe":61,"stat.useItem.minecraft.crafting_table":2,"stat.craftItem.minecraft.wooden_pickaxe":1,"stat.killEntity.Pig":1,"stat.pickup.minecraft.mutton":9,"stat.killEntity.pvj_duck":1,"stat.mineBlock.quark.biome_cobblestone":32,"stat.walkOneCm":453855,"stat.useItem.minecraft.torch":26,"stat.killEntity.pvj_shade":1,"stat.useItem.minecraft.log":1,"stat.pickup.minecraft.crafting_table":5,"stat.useItem.minecraft.cobblestone":42,"stat.craftItem.minecraft.crafting_table":5,"stat.furnaceInteraction":30,"stat.drop.minecraft.gravel":5,"stat.pickup.galacticraftcore.basic_block_core":4,"stat.mineBlock.minecraft.double_plant":1,"stat.pickup.srparasites.lurecomponent2":1,"stat.mineBlock.minecraft.coal_ore":18,"stat.drop.minecraft.wool":4,"stat.useItem.galacticraftcore.basic_block_core":1,"stat.pickup.srparasites.lurecomponent1":5,"stat.pickup.minecraft.shield":2,"stat.killEntity.betteranimalsplus.turkey":2,"stat.talkedToVillager":7,"stat.pickup.minecraft.log":13,"stat.pickup.minecraft.string":5,"stat.mineBlock.galacticraftcore.basic_block_core":9,"stat.pickup.minecraft.iron_pickaxe":1,"stat.pickup.galacticraftcore.basic_item":10,"stat.pickup.minecraft.furnace":2,"stat.useItem.minecraft.cooked_mutton":10,"stat.entityKilledBy.Skeleton":1,"stat.drop.minecraft.sapling":3,"stat.pickup.minecraft.sapling":4,"stat.mineBlock.minecraft.packed_ice":3,"stat.sprintOneCm":186395,"stat.pickup.minecraft.skull":2,"stat.craftItem.minecraft.stick":16,"stat.killEntity.Skeleton":1,"stat.craftItem.minecraft.planks":40,"stat.killEntity.betteranimalsplus.nautilus":1,"stat.craftItem.galacticraftplanets.carbon_fragments":16,"stat.mineBlock.minecraft.crafting_table":4,"stat.mineBlock.weeping-angels.kontron_ore":4,"stat.killEntity.quark:dweller":1,"stat.mobKills":24,"stat.mineBlock.minecraft.log":13,"stat.pickup.pvj.deathcap":1,"stat.deaths":3,"stat.pickup.minecraft.bowl":5,"stat.drop":27,"stat.mineBlock.minecraft.leaves":7,"stat.craftItem.betteranimalsplus.turkey_leg_cooked":1,"stat.playOneMinute":130609,"stat.pickup.minecraft.torch":6,"stat.killEntity.Sheep":4,"stat.killEntity.pvj_ghost":2,"stat.killEntity.dweller":1,"stat.mineBlock.minecraft.redstone_ore":3,"stat.sneakTime":2719,"stat.pickup.minecraft.wool":5,"stat.pickup.minecraft.rabbit":1,"stat.killEntity.Zombie":5,"stat.craftItem.galacticraftcore.basic_item":2,"stat.mineBlock.minecraft.stone":63,"stat.mineBlock.minecraft.tallgrass":21,"stat.craftItem.minecraft.cooked_mutton":7,"stat.diveOneCm":38248,"stat.pickup.minecraft.cooked_mutton":7}