{"stat.useItem.minecraft.string":1,"stat.pickup.weeping-angels.kontron_ingot":8,"stat.leaveGame":2,"stat.mineBlock.pvj.flouropore":3,"stat.mineBlock.minecraft.sandstone":40,"stat.drop.minecraft.shield":1,"stat.useItem.minecraft.planks":1,"stat.pickup.minecraft.glowstone_dust":7,"stat.mineBlock.pvj.deathcap":1,"stat.pickup.minecraft.porkchop":3,"stat.mineBlock.minecraft.red_mushroom":4,"stat.pickup.minecraft.rotten_flesh":91,"stat.craftItem.betteranimalsplus.turkey_cooked":1,"stat.pickup.minecraft.sand":4,"stat.pickup.betteranimalsplus.turkey_leg_raw":1,"stat.craftItem.minecraft.stone_sword":1,"stat.useItem.minecraft.brown_mushroom":1,"stat.pickup.minecraft.brown_mushroom":46,"stat.mineBlock.minecraft.sand":3,"stat.killEntity.Witch":48,"stat.pickup.quark.tallow":4,"stat.drop.minecraft.gold_ingot":1,"stat.useItem.minecraft.iron_pickaxe":88,"stat.craftItem.minecraft.wooden_pickaxe":1,"stat.furnaceInteraction":31,"stat.drop.minecraft.gravel":5,"stat.pickup.iceandfire.dragon_skull":1,"stat.pickup.minecraft.furnace":2,"stat.useItem.minecraft.cooked_mutton":14,"stat.drop.mca.baby_boy":1,"stat.pickup.minecraft.skull":3,"stat.pickup.minecraft.potion":1,"stat.mineBlock.minecraft.fence":2,"stat.mineBlock.weeping-angels.kontron_ore":4,"stat.deaths":4,"stat.pickup.minecraft.bowl":5,"stat.playOneMinute":245075,"stat.mineBlock.minecraft.tallgrass":25,"stat.craftItem.minecraft.cooked_mutton":7,"stat.pickup.minecraft.cooked_mutton":7,"stat.chestOpened":25,"stat.craftItem.minecraft.mushroom_stew":21,"stat.pickup.minecraft.arrow":25,"stat.pickup.iceandfire.blindfold":1,"stat.mineBlock.pvj.granite_rocks":1,"stat.craftItem.minecraft.iron_nugget":6,"stat.fallOneCm":65637,"stat.drop.minecraft.dye":1,"stat.pickup.minecraft.carrot":3,"stat.crouchOneCm":11118,"stat.craftItem.minecraft.iron_ingot":1,"stat.drop.minecraft.mushroom_stew":1,"stat.pickup.travelersbackpack.sleeping_bag_bottom":3,"stat.pickup.minecraft.red_mushroom":4,"stat.craftingTableInteraction":25,"stat.pickup.minecraft.feather":3,"stat.mineBlock.pvj.diorite_rocks":1,"stat.drop.minecraft.rabbit":1,"stat.pickup.minecraft.dye":50,"stat.pickup.minecraft.iron_leggings":1,"stat.pickup.minecraft.wheat_seeds":4,"stat.mineBlock.minecraft.gravel":11,"stat.useItem.minecraft.stone_pickaxe":220,"stat.useItem.minecraft.stone_sword":126,"stat.mineBlock.minecraft.dirt":10,"stat.killEntity.pvj_duck":2,"stat.mineBlock.quark.biome_cobblestone":32,"stat.useItem.minecraft.torch":37,"stat.killEntity.pvj_shade":2,"stat.useItem.minecraft.log":1,"stat.pickup.minecraft.crafting_table":5,"stat.useItem.minecraft.cobblestone":42,"stat.craftItem.minecraft.crafting_table":6,"stat.mineBlock.minecraft.double_plant":1,"stat.pickup.minecraft.log":13,"stat.mineBlock.galacticraftcore.basic_block_core":9,"stat.pickup.minecraft.iron_pickaxe":1,"stat.craftItem.minecraft.gold_ingot":36,"stat.drop.minecraft.sapling":3,"stat.pickup.minecraft.sapling":4,"stat.craftItem.minecraft.planks":44,"stat.killEntity.betteranimalsplus.nautilus":1,"stat.craftItem.galacticraftplanets.carbon_fragments":16,"stat.mineBlock.minecraft.log":13,"stat.pickup.iceandfire.dragonbone":25,"stat.killEntity.pvj_ghost":2,"stat.sneakTime":3211,"stat.pickup.minecraft.wool":6,"stat.pickup.minecraft.rabbit":1,"stat.pickup.minecraft.stone_slab":3,"stat.cakeSlicesEaten":2,"stat.pickup.minecraft.bone":29,"stat.useItem.minecraft.mushroom_stew":20,"stat.drop.minecraft.stone_shovel":1,"stat.useItem.betteranimalsplus.turkey_leg_cooked":1,"stat.pickup.minecraft.flint":2,"stat.mineBlock.minecraft.brown_mushroom":50,"stat.pickup.iceandfire.deathworm_chitin":1,"stat.drop.minecraft.iron_nugget":6,"stat.mineBlock.pvj.short_grass":2,"stat.mineBlock.charm.crate_sealed":1,"stat.swimOneCm":42710,"stat.climbOneCm":3342,"stat.drop.minecraft.brown_mushroom":1,"stat.useItem.minecraft.dirt":10,"stat.pickup.betteranimalsplus.wolf_pelt_red":1,"stat.useItem.minecraft.stone_slab2":24,"stat.pickup.minecraft.iron_boots":1,"stat.craftItem.minecraft.furnace":1,"stat.craftItem.minecraft.stone_pickaxe":2,"stat.craftItem.minecraft.cooked_beef":1,"stat.pickup.betteranimalsplus.turkey_raw":1,"stat.pickup.minecraft.cobblestone":61,"stat.pickup.quark.biome_cobblestone":64,"stat.flyOneCm":260308,"stat.pickup.minecraft.sandstone":22,"stat.drop.minecraft.wheat_seeds":2,"stat.useItem.minecraft.cooked_beef":13,"stat.pickup.minecraft.redstone":58,"stat.mineBlock.pvj.pinecones":4,"stat.mineBlock.minecraft.iron_ore":14,"stat.timeSinceDeath":73051,"stat.pickup.minecraft.mutton":9,"stat.pickup.travelersbackpack.travelers_backpack":3,"stat.pickup.minecraft.stonebrick":1,"stat.pickup.galacticraftcore.basic_block_core":4,"stat.drop.minecraft.dirt":1,"stat.mineBlock.minecraft.coal_ore":18,"stat.drop.minecraft.wool":4,"stat.pickup.minecraft.shield":2,"stat.killEntity.Creeper":15,"stat.killEntity.betteranimalsplus.turkey":2,"stat.talkedToVillager":76,"stat.pickup.minecraft.string":9,"stat.pickup.mca.wedding_ring":1,"stat.entityKilledBy.Skeleton":2,"stat.sprintOneCm":322625,"stat.mineBlock.minecraft.stone_slab":1,"stat.craftItem.minecraft.stick":16,"stat.mineBlock.minecraft.crafting_table":4,"stat.useItem.minecraft.carrot":1,"stat.pickup.minecraft.diamond_chestplate":1,"stat.pickup.pvj.deathcap":2,"stat.drop":32,"stat.killEntity.Sheep":4,"stat.killEntity.dweller":4,"stat.killEntity.Zombie":141,"stat.mineBlock.minecraft.gold_ore":1,"stat.diveOneCm":64200,"stat.pickup.minecraft.gravel":5,"stat.drop.travelersbackpack.sleeping_bag_bottom":1,"stat.useItem.minecraft.rotten_flesh":12,"stat.jump":2681,"stat.pickup.minecraft.coal":47,"stat.pickup.minecraft.iron_ingot":1,"stat.pickup.minecraft.gunpowder":3,"stat.pickup.minecraft.spider_eye":2,"stat.craftItem.minecraft.torch":36,"stat.pickup.minecraft.dirt":13,"stat.pickup.minecraft.iron_ore":37,"stat.pickup.minecraft.stone_shovel":1,"stat.killEntity.Damcell":1,"stat.pickup.minecraft.gold_ore":1,"stat.mineBlock.minecraft.lapis_ore":8,"stat.craftItem.minecraft.flint_and_steel":1,"stat.damageTaken":4885,"stat.pickup.pvj.siltstone":5,"stat.mineBlock.minecraft.furnace":3,"stat.mineBlock.minecraft.torch":6,"stat.useItem.minecraft.wooden_pickaxe":19,"stat.killEntity.CaveSpider":13,"stat.pickup.minecraft.potato":1,"stat.pickup.legacy_dweller.dwellermeat":4,"stat.damageDealt":5833,"stat.craftItem.minecraft.bowl":8,"stat.sleepInBed":8,"stat.mineBlock.pvj.siltstone":5,"stat.useItem.minecraft.crafting_table":2,"stat.killEntity.Pig":1,"stat.walkOneCm":932209,"stat.pickup.minecraft.stick":2,"stat.useItem.galacticraftcore.basic_block_core":1,"stat.killEntity.pvj_skeletal_knight":2,"stat.pickup.galacticraftcore.basic_item":10,"stat.mineBlock.minecraft.packed_ice":3,"stat.pickup.minecraft.cooked_beef":64,"stat.pickup.minecraft.gold_ingot":17,"stat.killEntity.Skeleton":56,"stat.mineBlock.minecraft.tnt":1,"stat.mineBlock.minecraft.stonebrick":5,"stat.killEntity.Chicken":1,"stat.drop.minecraft.crafting_table":2,"stat.killEntity.Spider":26,"stat.killEntity.quark:dweller":1,"stat.mobKills":336,"stat.mineBlock.minecraft.leaves":7,"stat.craftItem.betteranimalsplus.turkey_leg_cooked":1,"stat.pickup.minecraft.torch":9,"stat.mineBlock.minecraft.redstone_ore":3,"stat.craftItem.galacticraftcore.basic_item":2,"stat.mineBlock.minecraft.stone":63}