{"stat.craftItem.betteranimalsplus.venisoncooked":2,"stat.pickup.weeping-angels.kontron_ingot":38,"stat.pickup.minecraft.wooden_slab":2,"stat.pickup.betteranimalsplus.antler":2,"stat.leaveGame":4,"stat.useItem.betteranimalsplus.venisoncooked":2,"stat.mineBlock.minecraft.sandstone":7,"stat.pickup.minecraft.fishing_rod":1,"stat.craftItem.minecraft.shield":3,"stat.useItem.minecraft.planks":60,"stat.mineBlock.minecraft.web":25,"stat.pickup.minecraft.porkchop":11,"stat.pickup.betteranimalsplus.wolf_pelt_snowy":2,"stat.drop.minecraft.iron_sword":1,"stat.useItem.minecraft.water_bucket":1,"stat.pickup.minecraft.rotten_flesh":79,"stat.pickup.minecraft.sand":117,"stat.craftItem.minecraft.stone_axe":1,"stat.killEntity.betteranimalsplus.fox":1,"stat.pickup.pvj.spectral_wrappings":4,"stat.pickup.iceandfire.chared_cobblestone":16,"stat.mineBlock.minecraft.wooden_slab":2,"stat.craftItem.minecraft.stone_sword":6,"stat.entityKilledBy.firedragon":3,"stat.pickup.minecraft.brown_mushroom":11,"stat.mineBlock.minecraft.sand":103,"stat.pickup.pvj.raw_duck":1,"stat.pickup.iceandfire.ash":23,"stat.craftItem.minecraft.cooked_fish":5,"stat.pickup.quark.tallow":6,"stat.mineBlock.cfm.tv":1,"stat.hopperInspected":2,"stat.useItem.minecraft.iron_pickaxe":594,"stat.craftItem.minecraft.wooden_pickaxe":1,"stat.pickup.cfm.mantel_piece":5,"stat.craftItem.minecraft.bed":3,"stat.pickup.pvj.marble":1,"stat.useItem.ancientbeasts.kunai":2,"stat.mineBlock.minecraft.vine":3,"stat.furnaceInteraction":108,"stat.mineBlock.cfm.mantel_piece":4,"stat.pickup.cfm.desk_cabinet_spruce":2,"stat.pickup.minecraft.beef":6,"stat.pickup.minecraft.furnace":6,"stat.useItem.minecraft.cooked_mutton":6,"stat.drop.mca.baby_boy":2,"stat.craftItem.travelersbackpack.travelers_backpack":1,"stat.pickup.minecraft.iron_chestplate":3,"stat.useItem.minecraft.fence":7,"stat.pickup.minecraft.skull":3,"stat.drop.minecraft.furnace":1,"stat.pickup.mca.rose_gold_ore":25,"stat.useItem.minecraft.flint_and_steel":1,"stat.craftItem.minecraft.fence_gate":1,"stat.mineBlock.weeping-angels.kontron_ore":5,"stat.pickup.minecraft.emerald":4,"stat.craftItem.minecraft.heavy_weighted_pressure_plate":2,"stat.pickup.charm.totem_of_shielding":1,"stat.deaths":26,"stat.mineBlock.pvj.marble":2,"stat.pickup.minecraft.egg":7,"stat.playOneMinute":386885,"stat.craftItem.minecraft.iron_pickaxe":2,"stat.pickup.minecraft.glass_pane":15,"stat.pickup.minecraft.item_frame":2,"stat.mineBlock.minecraft.tallgrass":76,"stat.craftItem.minecraft.cooked_mutton":6,"stat.mineBlock.pvj.stone_rocks":1,"stat.chestOpened":33,"stat.pickup.minecraft.spruce_door":3,"stat.pickup.minecraft.waterlily":1,"stat.pickup.minecraft.iron_sword":2,"stat.pickup.minecraft.arrow":2,"stat.drop.minecraft.iron_pickaxe":1,"stat.pickup.minecraft.cooked_chicken":1,"stat.fallOneCm":68135,"stat.pickup.minecraft.carrot":23,"stat.pickup.minecraft.melon_seeds":24,"stat.crouchOneCm":52597,"stat.mineBlock.minecraft.chest":1,"stat.pickup.minecraft.rail":45,"stat.craftItem.minecraft.iron_ingot":139,"stat.craftItem.minecraft.chest":1,"stat.pickup.travelersbackpack.sleeping_bag_bottom":2,"stat.useItem.quark.root_flower":1,"stat.craftingTableInteraction":28,"stat.pickup.pvj.small_cactus":1,"stat.pickup.minecraft.wooden_pickaxe":1,"stat.pickup.minecraft.feather":7,"stat.mineBlock.pvj.diorite_rocks":2,"stat.craftItem.mca.rose_gold_ingot":8,"stat.pickup.minecraft.planks":16,"stat.mineBlock.minecraft.spruce_fence":1,"stat.pickup.minecraft.iron_leggings":2,"stat.pickup.minecraft.wheat_seeds":65,"stat.pickup.minecraft.lead":1,"stat.mineBlock.minecraft.gravel":1,"stat.useItem.minecraft.stone_pickaxe":133,"stat.useItem.minecraft.stone_sword":82,"stat.mineBlock.minecraft.dirt":39,"stat.useItem.minecraft.torch":47,"stat.useItem.minecraft.bread":4,"stat.pickup.minecraft.golden_apple":2,"stat.killEntity.pvj_shade":1,"stat.drop.minecraft.porkchop":5,"stat.pickup.minecraft.crafting_table":5,"stat.useItem.minecraft.log":18,"stat.useItem.minecraft.cobblestone":52,"stat.craftItem.minecraft.crafting_table":1,"stat.mineBlock.minecraft.double_plant":5,"stat.pickup.minecraft.log":75,"stat.useItem.minecraft.cooked_fish":5,"stat.mineBlock.galacticraftcore.basic_block_core":22,"stat.pickup.minecraft.iron_pickaxe":1,"stat.craftItem.minecraft.gold_ingot":4,"stat.pickup.mca.rose_gold_ingot":6,"stat.pickup.minecraft.chicken":3,"stat.pickup.minecraft.sapling":8,"stat.pickup.minecraft.beetroot":6,"stat.mineBlock.iceandfire.goldpile":1,"stat.craftItem.minecraft.planks":140,"stat.useItem.minecraft.iron_sword":140,"stat.killEntity.Bonepile":2,"stat.pickup.minecraft.stone_sword":1,"stat.entityKilledBy.betteranimalsplus.coyote":1,"stat.pickup.minecraft.book":27,"stat.mineBlock.minecraft.log":69,"stat.useItem.minecraft.spruce_door":1,"stat.mineBlock.pvj.cattail":1,"stat.killEntity.pvj_ghost":2,"stat.pickup.minecraft.red_flower":187,"stat.sneakTime":21667,"stat.pickup.minecraft.wool":6,"stat.useItem.minecraft.baked_potato":13,"stat.pickup.minecraft.yellow_flower":6,"stat.useItem.minecraft.fishing_rod":1,"stat.cakeSlicesEaten":1,"stat.pickup.minecraft.bone":132,"stat.useItem.minecraft.iron_axe":26,"stat.craftItem.cfm.mantel_piece":1,"stat.mineBlock.minecraft.cobblestone":16,"stat.killEntity.gorgon":1,"stat.pickup.minecraft.flint":3,"stat.mineBlock.minecraft.yellow_flower":6,"stat.mineBlock.iceandfire.chared_stone":59,"stat.pickup.pvj.cattail":1,"stat.drop.mca.wedding_ring_rg":1,"stat.mineBlock.minecraft.brown_mushroom":1,"stat.pickup.minecraft.flower_pot":1,"stat.pickup.iceandfire.deathworm_chitin":8,"stat.mineBlock.pvj.short_grass":4,"stat.mineBlock.charm.crate_sealed":3,"stat.swimOneCm":93846,"stat.climbOneCm":3944,"stat.mineBlock.minecraft.spruce_stairs":17,"stat.mineBlock.quark.roots":4,"stat.useItem.minecraft.dirt":11,"stat.useItem.minecraft.stone_slab2":84,"stat.pickup.minecraft.iron_boots":1,"stat.craftItem.minecraft.furnace":2,"stat.useItem.minecraft.red_flower":1,"stat.pickup.minecraft.map":1,"stat.pickup.ancientbeasts.spike":2,"stat.craftItem.minecraft.stone_pickaxe":1,"stat.craftItem.minecraft.cooked_beef":2,"stat.pickup.cfm.tv":1,"stat.pickup.minecraft.cobblestone":289,"stat.mineBlock.minecraft.clay":29,"stat.flyOneCm":294447,"stat.pickup.minecraft.sandstone":1,"stat.useItem.iceandfire.chared_stone":11,"stat.mineBlock.quark.custom_chest":1,"stat.pickup.minecraft.fish":5,"stat.useItem.minecraft.cooked_beef":2,"stat.pickup.minecraft.cactus":18,"stat.craftItem.minecraft.stained_glass":16,"stat.pickup.minecraft.redstone":14,"stat.mineBlock.minecraft.iron_ore":145,"stat.mineBlock.pvj.pinecones":1,"stat.timeSinceDeath":1704,"stat.useItem.minecraft.wooden_slab":41,"stat.pickup.minecraft.mutton":5,"stat.mineBlock.pvj.sandstone_rocks":1,"stat.mineBlock.pvj.spruce_twigs":1,"stat.pickup.ancientbeasts.kunai":1,"stat.pickup.travelersbackpack.travelers_backpack":12,"stat.pickup.minecraft.spruce_fence":1,"stat.pickup.galacticraftcore.basic_block_core":21,"stat.useItem.minecraft.cooked_porkchop":1,"stat.pickup.minecraft.carpet":2,"stat.mineBlock.minecraft.coal_ore":166,"stat.talkedToVillager":341,"stat.killEntity.betteranimalsplus.turkey":1,"stat.pickup.minecraft.string":57,"stat.mineBlock.charm.crate":1,"stat.craftItem.minecraft.brick_block":7,"stat.craftItem.minecraft.stone_slab2":0,"stat.sprintOneCm":282528,"stat.pickup.betteranimalsplus.turkey_egg":1,"stat.craftItem.minecraft.stick":40,"stat.mineBlock.cfm.desk_cabinet_spruce":2,"stat.craftItem.minecraft.stone":1,"stat.mineBlock.minecraft.crafting_table":5,"stat.waystones:waystonesActivated":1,"stat.killEntity.betteranimalsplus.squirrel":1,"stat.useItem.minecraft.carrot":8,"stat.pickup.betteranimalsplus.wolf_pelt_arctic":1,"stat.mineBlock.pvj.limestone":1,"stat.mineBlock.minecraft.planks":9,"stat.drop":17,"stat.killEntity.Sheep":3,"stat.killEntity.dweller":1,"stat.pickup.pvj.limestone":2,"stat.killEntity.Zombie":4,"stat.craftItem.minecraft.dye":11,"stat.mineBlock.minecraft.gold_ore":15,"stat.diveOneCm":210114,"stat.pickup.charm.crate":2,"stat.pickup.minecraft.wheat":6,"stat.useItem.pvj.siltstone":2,"stat.pickup.minecraft.gravel":11,"stat.craftItem.minecraft.cooked_porkchop":1,"stat.pickup.minecraft.stone_axe":2,"stat.useItem.minecraft.waterlily":1,"stat.mineBlock.minecraft.deadbush":1,"stat.mineBlock.quark.roots_black_flower":1,"stat.drop.travelersbackpack.sleeping_bag_bottom":1,"stat.useItem.minecraft.rotten_flesh":6,"stat.craftItem.travelersbackpack.backpack_tank":2,"stat.jump":3152,"stat.useItem.minecraft.sand":13,"stat.pickup.minecraft.coal":211,"stat.pickup.minecraft.iron_ingot":47,"stat.useItem.minecraft.stone_axe":111,"stat.pickup.minecraft.gunpowder":26,"stat.pickup.iceandfire.chared_stone":18,"stat.pickup.minecraft.spider_eye":2,"stat.craftItem.minecraft.torch":68,"stat.pickup.minecraft.dirt":36,"stat.useItem.minecraft.cooked_chicken":1,"stat.pickup.minecraft.iron_ore":154,"stat.useItem.minecraft.glass":2,"stat.mineBlock.mca.rose_gold_ore":14,"stat.killEntity.Damcell":1,"stat.pickup.minecraft.gold_ore":15,"stat.mineBlock.minecraft.lapis_ore":1,"stat.craftItem.minecraft.flint_and_steel":1,"stat.pickup.quark.custom_chest":1,"stat.mineBlock.minecraft.glass_pane":1,"stat.damageTaken":-2147474957,"stat.pickup.minecraft.leather":5,"stat.pickup.pvj.siltstone":4,"stat.mineBlock.minecraft.furnace":5,"stat.mineBlock.minecraft.red_flower":188,"stat.mineBlock.minecraft.torch":1,"stat.useItem.minecraft.wooden_pickaxe":82,"stat.mineBlock.iceandfire.chared_cobblestone":40,"stat.pickup.minecraft.reeds":2,"stat.killEntity.CaveSpider":1,"stat.pickup.minecraft.bed":11,"stat.pickup.minecraft.potato":50,"stat.pickup.legacy_dweller.dwellermeat":4,"stat.damageDealt":9228,"stat.craftItem.minecraft.glass":35,"stat.sleepInBed":13,"stat.craftItem.minecraft.baked_potato":32,"stat.craftItem.mca.matchmakers_ring":2,"stat.mineBlock.pvj.siltstone":4,"stat.killEntity.Cow":3,"stat.pickup.pvj.duckweed":3,"stat.useItem.minecraft.crafting_table":1,"stat.killEntity.Pig":1,"stat.walkOneCm":1258275,"stat.pickup.pvj.goon_bile":3,"stat.craftItem.quark.custom_chest":1,"stat.pickup.minecraft.clay_ball":104,"stat.killEntity.betteranimalsplus.feralwolf":2,"stat.useItem.minecraft.lava_bucket":9,"stat.useItem.galacticraftcore.basic_block_core":8,"stat.killEntity.pvj_skeletal_knight":1,"stat.pickup.quark.root_flower":1,"stat.pickup.galacticraftcore.basic_item":2,"stat.pickup.minecraft.tnt":9,"stat.useItem.cfm.fairy_light":1,"stat.useItem.minecraft.spruce_stairs":50,"stat.pickup.minecraft.ender_pearl":1,"stat.drop.mca.baby_girl":5,"stat.pickup.minecraft.gold_ingot":2,"stat.killEntity.Skeleton":3,"stat.mineBlock.minecraft.cactus":8,"stat.pickup.iceandfire.chain":1,"stat.killEntity.Chicken":3,"stat.killEntity.Spider":1,"stat.pickup.minecraft.bread":6,"stat.mobKills":53,"stat.killEntity.Boulderer":2,"stat.mineBlock.minecraft.bookshelf":9,"stat.pickup.minecraft.water_bucket":1,"stat.mineBlock.minecraft.leaves":8,"stat.pickup.minecraft.beetroot_seeds":30,"stat.pickup.minecraft.torch":7,"stat.pickup.minecraft.spruce_stairs":17,"stat.mineBlock.minecraft.redstone_ore":4,"stat.craftItem.minecraft.brick":83,"stat.mineBlock.minecraft.stone":256}