{"stat.pickup.weeping-angels.kontron_ingot":26,"stat.leaveGame":5,"stat.killEntity.betteranimalsplus.goat":1,"stat.mineBlock.minecraft.sandstone":27,"stat.drop.minecraft.enchanted_book":1,"stat.pickup.cfm.desk_spruce":1,"stat.craftItem.iceandfire.chain_link":5,"stat.drop.minecraft.iron_sword":3,"stat.pickup.minecraft.rotten_flesh":55,"stat.craftItem.minecraft.stone_axe":1,"stat.pickup.iceandfire.chared_cobblestone":83,"stat.pickup.minecraft.leather_boots":1,"stat.pickup.betteranimalsplus.turkey_leg_raw":4,"stat.pickup.minecraft.brown_mushroom":3,"stat.pickup.quark.tallow":5,"stat.drop.minecraft.gold_ingot":9,"stat.drop.minecraft.tnt":3,"stat.useItem.minecraft.iron_pickaxe":414,"stat.pickup.minecraft.stained_hardened_clay":2,"stat.craftItem.minecraft.wooden_pickaxe":1,"stat.drop.minecraft.cooked_mutton":7,"stat.pickup.cfm.mantel_piece":2,"stat.pickup.pvj.marble":4,"stat.craftItem.minecraft.glass_pane":16,"stat.mineBlock.minecraft.vine":8,"stat.mineBlock.minecraft.hopper":4,"stat.furnaceInteraction":65,"stat.mineBlock.minecraft.rail":1,"stat.drop.iceandfire.fire_lily":1,"stat.mineBlock.cfm.mantel_piece":2,"stat.pickup.iceandfire.manuscript":40,"stat.pickup.minecraft.beef":10,"stat.pickup.minecraft.cauldron":2,"stat.mineBlock.minecraft.stained_hardened_clay":1,"stat.pickup.mca.rose_gold_ore":11,"stat.useItem.minecraft.wheat_seeds":75,"stat.killEntity.Husk":1,"stat.mineBlock.weeping-angels.kontron_ore":10,"stat.pickup.minecraft.emerald":8,"stat.pickup.minecraft.bowl":4,"stat.deaths":26,"stat.mineBlock.pvj.marble":3,"stat.pickup.minecraft.egg":14,"stat.mineBlock.minecraft.stone_pressure_plate":1,"stat.craftItem.minecraft.iron_pickaxe":4,"stat.pickup.minecraft.item_frame":6,"stat.craftItem.cfm.desk_spruce":1,"stat.craftItem.minecraft.cooked_mutton":21,"stat.mineBlock.minecraft.tallgrass":4,"stat.pickup.minecraft.cooked_mutton":2,"stat.chestOpened":120,"stat.pickup.minecraft.iron_sword":4,"stat.pickup.minecraft.arrow":1,"stat.pickup.quark.jasper":2,"stat.pickup.minecraft.gold_nugget":944,"stat.craftItem.minecraft.coal":9,"stat.drop.minecraft.iron_pickaxe":1,"stat.pickup.iceandfire.silver_nugget":4,"stat.useItem.cfm.item_knife":98,"stat.pickup.minecraft.carrot":42,"stat.crouchOneCm":22156,"stat.mineBlock.minecraft.chest":39,"stat.pickup.minecraft.rail":45,"stat.craftItem.minecraft.iron_ingot":98,"stat.craftingTableInteraction":45,"stat.pickup.pvj.small_cactus":2,"stat.pickup.minecraft.mushroom_stew":1,"stat.pickup.minecraft.wooden_pickaxe":1,"stat.useItem.minecraft.reeds":7,"stat.mineBlock.pvj.fallenleaves_spruce":1,"stat.pickup.minecraft.dye":67,"stat.pickup.minecraft.planks":27,"stat.pickup.minecraft.wheat_seeds":149,"stat.killEntity.pvj_goon":3,"stat.mineBlock.minecraft.dirt":21,"stat.flowerPotted":2,"stat.killEntity.betteranimalsplus.eel_freshwater":1,"stat.useItem.minecraft.bread":7,"stat.killEntity.pvj_shade":4,"stat.drop.minecraft.porkchop":3,"stat.drop.minecraft.rotten_flesh":1,"stat.useItem.minecraft.cobblestone":26,"stat.useItem.minecraft.gravel":3,"stat.mineBlock.pvj.small_cactus":1,"stat.craftItem.minecraft.gold_ingot":27,"stat.pickup.minecraft.hopper":4,"stat.pickup.minecraft.chicken":16,"stat.pickup.minecraft.apple":8,"stat.pickup.minecraft.coal_block":1,"stat.craftItem.minecraft.bucket":1,"stat.craftItem.minecraft.planks":56,"stat.useItem.minecraft.iron_sword":52,"stat.pickup.minecraft.stone_sword":1,"stat.pickup.minecraft.book":21,"stat.mineBlock.minecraft.log":30,"stat.pickup.minecraft.iron_door":1,"stat.killEntity.pvj_ghost":3,"stat.pickup.minecraft.red_flower":6,"stat.pickup.minecraft.wool":29,"stat.cakeSlicesEaten":4,"stat.useItem.minecraft.iron_axe":232,"stat.pickup.pvj.raw_squid":1,"stat.entityKilledBy.betteranimalsplus.shark":1,"stat.mineBlock.minecraft.cobblestone":22,"stat.pickup.minecraft.stone_pickaxe":1,"stat.pickup.minecraft.flint":1,"stat.mineBlock.iceandfire.chared_stone":5,"stat.pickup.minecraft.leather_chestplate":2,"stat.pickup.pvj.cattail":6,"stat.craftItem.minecraft.wool":6,"stat.pickup.minecraft.flower_pot":4,"stat.mineBlock.pvj.short_grass":3,"stat.mineBlock.pvj.rock_formation":1,"stat.pickup.minecraft.enchanted_book":13,"stat.drop.minecraft.cobblestone":19,"stat.useItem.charm.bookshelf_chest":3,"stat.useItem.minecraft.stone_slab2":83,"stat.pickup.minecraft.iron_boots":1,"stat.killEntity.deathworm":2,"stat.craftItem.minecraft.furnace":1,"stat.pickup.iceandfire.chain_link":57,"stat.pickup.ancientbeasts.spike":1,"stat.pickup.minecraft.shears":3,"stat.pickup.minecraft.diamond_hoe":1,"stat.pickup.minecraft.diamond_leggings":2,"stat.flyOneCm":453627,"stat.pickup.minecraft.sandstone":41,"stat.useItem.iceandfire.chared_stone":2,"stat.pickup.minecraft.fish":4,"stat.pickup.iceandfire.fire_lily":2,"stat.timeSinceDeath":15672,"stat.mineBlock.pvj.sandstone_rocks":1,"stat.pickup.travelersbackpack.travelers_backpack":2,"stat.useItem.minecraft.potato":54,"stat.mineBlock.minecraft.coal_ore":107,"stat.pickup.minecraft.shield":2,"stat.killEntity.Creeper":1,"stat.talkedToVillager":50,"stat.pickup.minecraft.string":113,"stat.useItem.betteranimalsplus.turkey_egg":2,"stat.drop.betteranimalsplus.venisoncooked":1,"stat.sprintOneCm":832964,"stat.killEntity.betteranimalsplus.pheasant":2,"stat.mineBlock.minecraft.stone_slab":2,"stat.mineBlock.minecraft.diamond_ore":9,"stat.pickup.charm.suspicious_soup":5,"stat.waystones:waystonesActivated":1,"stat.pickup.betteranimalsplus.wolf_pelt_arctic":2,"stat.pickup.betteranimalsplus.venisoncooked":6,"stat.killEntity.dweller":3,"stat.pickup.pvj.limestone":1,"stat.killEntity.Zombie":21,"stat.craftItem.minecraft.dye":6,"stat.pickup.iceandfire.chared_dirt":2,"stat.mineBlock.minecraft.gold_ore":20,"stat.diveOneCm":199611,"stat.pickup.minecraft.wheat":106,"stat.pickup.mca.wedding_ring_rg":1,"stat.craftItem.minecraft.cooked_porkchop":13,"stat.pickup.minecraft.stone_axe":3,"stat.pickup.minecraft.obsidian":18,"stat.jump":2629,"stat.useItem.minecraft.sand":1,"stat.pickup.minecraft.coal":193,"stat.pickup.minecraft.iron_ingot":95,"stat.pickup.minecraft.gunpowder":26,"stat.pickup.iceandfire.chared_stone":123,"stat.pickup.minecraft.dirt":51,"stat.useItem.minecraft.sapling":1,"stat.pickup.minecraft.gold_ore":32,"stat.mineBlock.minecraft.lapis_ore":2,"stat.pickup.minecraft.iron_axe":1,"stat.damageTaken":8437,"stat.pickup.pvj.siltstone":2,"stat.mineBlock.minecraft.red_flower":6,"stat.mineBlock.minecraft.torch":2,"stat.pickup.minecraft.bed":8,"stat.pickup.minecraft.potato":186,"stat.killEntity.Silverfish":5,"stat.useItem.minecraft.chest":3,"stat.useItem.minecraft.tnt":1,"stat.mineBlock.pvj.pvj_cobweb":1,"stat.useItem.minecraft.lava_bucket":1,"stat.pickup.betteranimalsplus.pheasant_egg":3,"stat.useItem.minecraft.item_frame":1,"stat.craftItem.minecraft.iron_chestplate":4,"stat.craftItem.travelersbackpack.sleeping_bag_bottom":3,"stat.mineBlock.minecraft.tnt":9,"stat.mobKills":148,"stat.pickup.minecraft.diamond_boots":1,"stat.mineBlock.minecraft.bookshelf":3,"stat.pickup.iceandfire.gorgon_head":1,"stat.pickup.minecraft.diamond":19,"stat.pickup.minecraft.beetroot_seeds":81,"stat.pickup.minecraft.iron_horse_armor":4,"stat.pickup.minecraft.torch":26,"stat.killEntity.firedragon":1,"stat.craftItem.betteranimalsplus.venisoncooked":6,"stat.pickup.betteranimalsplus.antler":2,"stat.useItem.betteranimalsplus.venisoncooked":6,"stat.mineBlock.pvj.flouropore":1,"stat.craftItem.minecraft.iron_axe":2,"stat.pickup.minecraft.fishing_rod":1,"stat.useItem.pvj.raw_squid":1,"stat.useItem.minecraft.planks":4,"stat.mineBlock.pvj.deathcap":1,"stat.drop.minecraft.bowl":1,"stat.pickup.minecraft.porkchop":10,"stat.pickup.betteranimalsplus.wolf_pelt_snowy":2,"stat.mineBlock.pvj.sea_oats":2,"stat.useItem.minecraft.water_bucket":25,"stat.drop.travelersbackpack.travelers_backpack":1,"stat.pickup.minecraft.sand":83,"stat.pickup.iceandfire.bestiary":1,"stat.pickup.pvj.spectral_wrappings":13,"stat.pickup.minecraft.name_tag":3,"stat.pickup.charm.bookshelf_chest":5,"stat.pickup.minecraft.activator_rail":10,"stat.entityKilledBy.firedragon":2,"stat.mineBlock.minecraft.sand":23,"stat.pickup.pvj.raw_duck":2,"stat.pickup.iceandfire.ash":12,"stat.pickup.quark.rune":2,"stat.pickup.betteranimalsplus.eel_meat_raw":4,"stat.hopperInspected":3,"stat.pickup.minecraft.filled_map":2,"stat.pickup.minecraft.furnace":6,"stat.useItem.minecraft.cooked_mutton":13,"stat.drop.mca.baby_boy":1,"stat.pickup.minecraft.skull":1,"stat.killEntity.betteranimalsplus.tarantula":1,"stat.pickup.minecraft.pumpkin_seeds":4,"stat.pickup.minecraft.saddle":2,"stat.craftItem.cfm.desk_cabinet_spruce":1,"stat.drop.quark.root_flower":1,"stat.playOneMinute":406470,"stat.drop.minecraft.string":25,"stat.drop.minecraft.chest":1,"stat.mineBlock.pvj.stone_rocks":1,"stat.pickup.minecraft.spruce_door":1,"stat.pickup.betteranimalsplus.venisonraw":8,"stat.mineBlock.iceandfire.fire_lily":1,"stat.craftItem.minecraft.iron_nugget":27,"stat.fallOneCm":43068,"stat.pickup.minecraft.melon_seeds":24,"stat.pickup.travelersbackpack.sleeping_bag_bottom":5,"stat.pickup.minecraft.red_mushroom":3,"stat.pickup.minecraft.feather":4,"stat.drop.minecraft.iron_leggings":1,"stat.useItem.minecraft.furnace":1,"stat.pickup.minecraft.iron_leggings":2,"stat.pickup.minecraft.lead":1,"stat.mineBlock.minecraft.gravel":11,"stat.useItem.minecraft.stone_pickaxe":124,"stat.useItem.minecraft.stone_sword":12,"stat.craftItem.minecraft.iron_leggings":2,"stat.pickup.minecraft.record_13":1,"stat.useItem.minecraft.torch":46,"stat.pickup.minecraft.golden_apple":1,"stat.pickup.minecraft.iron_nugget":27,"stat.pickup.minecraft.crafting_table":6,"stat.useItem.minecraft.log":9,"stat.craftItem.minecraft.crafting_table":1,"stat.mineBlock.charm.bookshelf_chest":5,"stat.mineBlock.quark.stone_speleothem":4,"stat.mineBlock.minecraft.emerald_ore":4,"stat.pickup.minecraft.log":43,"stat.mineBlock.galacticraftcore.basic_block_core":33,"stat.pickup.mca.baby_boy":3,"stat.pickup.minecraft.tallgrass":3,"stat.pickup.mca.rose_gold_ingot":6,"stat.pickup.minecraft.web":20,"stat.drop.minecraft.planks":1,"stat.pickup.minecraft.sapling":11,"stat.craftItem.iceandfire.bestiary":1,"stat.pickup.minecraft.beetroot":46,"stat.mineBlock.iceandfire.goldpile":162,"stat.pickup.minecraft.diamond_helmet":2,"stat.pickup.quark.root":1,"stat.useItem.quark.jasper":1,"stat.craftItem.minecraft.cooked_chicken":3,"stat.useItem.minecraft.beetroot_seeds":13,"stat.sneakTime":10333,"stat.pickup.minecraft.stone_slab":2,"stat.pickup.minecraft.golden_rail":14,"stat.pickup.minecraft.chest":68,"stat.craftItem.iceandfire.lectern":1,"stat.useItem.minecraft.mushroom_stew":1,"stat.pickup.minecraft.bone":235,"stat.pickup.minecraft.stone_pressure_plate":1,"stat.useItem.minecraft.diamond_sword":6,"stat.pickup.iceandfire.deathworm_chitin":21,"stat.mineBlock.charm.crate_sealed":9,"stat.swimOneCm":109576,"stat.climbOneCm":14456,"stat.mineBlock.quark.roots":1,"stat.killEntity.betteranimalsplus.boar":1,"stat.pickup.cfm.fairy_light":2,"stat.craftItem.cfm.tv":1,"stat.craftItem.minecraft.stone_pickaxe":1,"stat.pickup.minecraft.cobblestone":278,"stat.pickup.quark.biome_cobblestone":96,"stat.mineBlock.quark.custom_chest":1,"stat.pickup.minecraft.cactus":4,"stat.pickup.minecraft.redstone":79,"stat.mineBlock.minecraft.iron_ore":74,"stat.mineBlock.pvj.pinecones":1,"stat.pickup.minecraft.mutton":18,"stat.useItem.quark.root":1,"stat.mineBlock.minecraft.coal_block":1,"stat.pickup.galacticraftcore.basic_block_core":48,"stat.useItem.minecraft.cooked_porkchop":13,"stat.killEntity.betteranimalsplus.turkey":1,"stat.mineBlock.charm.crate":3,"stat.craftItem.minecraft.stone_slab2":0,"stat.useItem.iceandfire.dragonsteel_fire_axe":20,"stat.pickup.betteranimalsplus.turkey_egg":6,"stat.craftItem.minecraft.stick":32,"stat.craftItem.cfm.tree_bottom":1,"stat.useItem.minecraft.stone_slab":1,"stat.craftItem.minecraft.stone":8,"stat.pickup.minecraft.grass":1,"stat.mineBlock.minecraft.crafting_table":5,"stat.useItem.minecraft.carrot":16,"stat.pickup.pvj.deathcap":3,"stat.mineBlock.pvj.limestone":1,"stat.mineBlock.minecraft.planks":6,"stat.drop":44,"stat.mineBlock.pvj.bones":3,"stat.killEntity.Sheep":5,"stat.pickup.charm.crate":3,"stat.pickup.pvj.sea_oats":23,"stat.pickup.minecraft.gravel":12,"stat.drop.travelersbackpack.sleeping_bag_bottom":4,"stat.pickup.minecraft.iron_helmet":1,"stat.useItem.minecraft.stone_axe":84,"stat.craftItem.minecraft.bread":12,"stat.craftItem.iceandfire.chain":1,"stat.pickup.minecraft.spider_eye":15,"stat.useItem.minecraft.cooked_chicken":2,"stat.pickup.minecraft.iron_ore":78,"stat.drop.pvj.limestone":1,"stat.mineBlock.mca.rose_gold_ore":11,"stat.pickup.minecraft.leaves":4,"stat.pickup.quark.custom_chest":1,"stat.mineBlock.minecraft.leaves2":3,"stat.pickup.minecraft.leather":3,"stat.mineBlock.minecraft.furnace":5,"stat.useItem.minecraft.wooden_pickaxe":18,"stat.mineBlock.iceandfire.chared_cobblestone":7,"stat.drop.minecraft.water_bucket":1,"stat.pickup.minecraft.reeds":8,"stat.killEntity.CaveSpider":5,"stat.pickup.legacy_dweller.dwellermeat":4,"stat.damageDealt":22708,"stat.drop.minecraft.cooked_chicken":1,"stat.craftItem.minecraft.glass":6,"stat.sleepInBed":8,"stat.killEntity.Cow":2,"stat.useItem.minecraft.crafting_table":2,"stat.pickup.minecraft.minecart":2,"stat.killEntity.Pig":2,"stat.craftItem.minecraft.iron_sword":3,"stat.walkOneCm":1380565,"stat.useItem.quark.custom_chest":1,"stat.pickup.minecraft.stick":17,"stat.pickup.pvj.goon_bile":3,"stat.craftItem.quark.custom_chest":1,"stat.pickup.minecraft.clay_ball":48,"stat.craftItem.cfm.item_knife":1,"stat.useItem.galacticraftcore.basic_block_core":9,"stat.killEntity.pvj_skeletal_knight":7,"stat.pickup.quark.root_flower":2,"stat.pickup.galacticraftcore.basic_item":16,"stat.pickup.minecraft.tnt":11,"stat.drop.minecraft.iron_chestplate":2,"stat.pickup.minecraft.stone":8,"stat.pickup.betteranimalsplus.pheasantraw":10,"stat.pickup.minecraft.gold_ingot":91,"stat.killEntity.Skeleton":3,"stat.mineBlock.minecraft.cactus":1,"stat.drop.iceandfire.ash":2,"stat.pickup.iceandfire.chain":1,"stat.killEntity.Spider":3,"stat.pickup.minecraft.bread":8,"stat.killEntity.Boulderer":1,"stat.mineBlock.minecraft.leaves":10,"stat.pickup.minecraft.spruce_stairs":5,"stat.killEntity.betteranimalsplus.moose":1,"stat.mineBlock.minecraft.redstone_ore":7,"stat.mineBlock.cfm.desk_spruce":1,"stat.craftItem.galacticraftcore.basic_item":4,"stat.mineBlock.minecraft.stone":123,"stat.useItem.minecraft.sandstone":12}